message;severity;node;stamp;location
"Added keyframe 66 with 10 cone observations";"20";"cone_slam";"1753022833.808493240";"/home/user1/ROS2_Workspace/ros2_ws/src/cone_stellation/src/cone_stellation/ros/cone_slam_node.cpp:cone_callback:239"
"ConeMapping::add_keyframe returned";"20";"cone_slam";"1753022833.808464398";"/home/user1/ROS2_Workspace/ros2_ws/src/cone_stellation/src/cone_stellation/ros/cone_slam_node.cpp:cone_callback:213"
"About to call ConeMapping::add_keyframe for frame 66";"20";"cone_slam";"1753022833.807398187";"/home/user1/ROS2_Workspace/ros2_ws/src/cone_stellation/src/cone_stellation/ros/cone_slam_node.cpp:cone_callback:210"
"Added keyframe 65 with 11 cone observations";"20";"cone_slam";"1753022833.608901766";"/home/user1/ROS2_Workspace/ros2_ws/src/cone_stellation/src/cone_stellation/ros/cone_slam_node.cpp:cone_callback:239"
"ConeMapping::add_keyframe returned";"20";"cone_slam";"1753022833.608854261";"/home/user1/ROS2_Workspace/ros2_ws/src/cone_stellation/src/cone_stellation/ros/cone_slam_node.cpp:cone_callback:213"
"About to call ConeMapping::add_keyframe for frame 65";"20";"cone_slam";"1753022833.607355691";"/home/user1/ROS2_Workspace/ros2_ws/src/cone_stellation/src/cone_stellation/ros/cone_slam_node.cpp:cone_callback:210"
"Received cone detection with 9 cones";"20";"cone_slam";"1753022833.407121519";"/home/user1/ROS2_Workspace/ros2_ws/src/cone_stellation/src/cone_stellation/ros/cone_slam_node.cpp:cone_callback:160"
"Added keyframe 64 with 11 cone observations";"20";"cone_slam";"1753022833.360725408";"/home/user1/ROS2_Workspace/ros2_ws/src/cone_stellation/src/cone_stellation/ros/cone_slam_node.cpp:cone_callback:239"
"ConeMapping::add_keyframe returned";"20";"cone_slam";"1753022833.360693059";"/home/user1/ROS2_Workspace/ros2_ws/src/cone_stellation/src/cone_stellation/ros/cone_slam_node.cpp:cone_callback:213"
"About to call ConeMapping::add_keyframe for frame 64";"20";"cone_slam";"1753022833.359786125";"/home/user1/ROS2_Workspace/ros2_ws/src/cone_stellation/src/cone_stellation/ros/cone_slam_node.cpp:cone_callback:210"
"Publishing 61 landmarks";"20";"cone_slam";"1753022833.256346899";"/home/user1/ROS2_Workspace/ros2_ws/src/cone_stellation/src/cone_stellation/ros/cone_slam_node.cpp:visualization_callback:462"
"Publishing transforms (call #1500)";"20";"dummy_publisher";"1753022833.100347195";"/home/user1/ROS2_Workspace/ros2_ws/install/cone_stellation/lib/cone_stellation/dummy_publisher_node.py:publish_transforms:556"
"Added keyframe 63 with 11 cone observations";"20";"cone_slam";"1753022833.060415590";"/home/user1/ROS2_Workspace/ros2_ws/src/cone_stellation/src/cone_stellation/ros/cone_slam_node.cpp:cone_callback:239"
"ConeMapping::add_keyframe returned";"20";"cone_slam";"1753022833.060391747";"/home/user1/ROS2_Workspace/ros2_ws/src/cone_stellation/src/cone_stellation/ros/cone_slam_node.cpp:cone_callback:213"
"About to call ConeMapping::add_keyframe for frame 63";"20";"cone_slam";"1753022833.059410449";"/home/user1/ROS2_Workspace/ros2_ws/src/cone_stellation/src/cone_stellation/ros/cone_slam_node.cpp:cone_callback:210"
"Current pose: x=96.77, y=5.98, theta=-0.07";"20";"cone_slam";"1753022833.058660088";"/home/user1/ROS2_Workspace/ros2_ws/src/cone_stellation/src/cone_stellation/ros/cone_slam_node.cpp:visualization_callback:534"
"Publishing 402 factors";"20";"cone_slam";"1753022833.058363313";"/home/user1/ROS2_Workspace/ros2_ws/src/cone_stellation/src/cone_stellation/ros/cone_slam_node.cpp:visualization_callback:474"
"Added keyframe 62 with 9 cone observations";"20";"cone_slam";"1753022832.760132967";"/home/user1/ROS2_Workspace/ros2_ws/src/cone_stellation/src/cone_stellation/ros/cone_slam_node.cpp:cone_callback:239"
"ConeMapping::add_keyframe returned";"20";"cone_slam";"1753022832.760102021";"/home/user1/ROS2_Workspace/ros2_ws/src/cone_stellation/src/cone_stellation/ros/cone_slam_node.cpp:cone_callback:213"
"About to call ConeMapping::add_keyframe for frame 62";"20";"cone_slam";"1753022832.759237404";"/home/user1/ROS2_Workspace/ros2_ws/src/cone_stellation/src/cone_stellation/ros/cone_slam_node.cpp:cone_callback:210"
"Publishing 62 keyframes";"20";"cone_slam";"1753022832.558837195";"/home/user1/ROS2_Workspace/ros2_ws/src/cone_stellation/src/cone_stellation/ros/cone_slam_node.cpp:visualization_callback:554"
"Added keyframe 61 with 9 cone observations";"20";"cone_slam";"1753022832.460114874";"/home/user1/ROS2_Workspace/ros2_ws/src/cone_stellation/src/cone_stellation/ros/cone_slam_node.cpp:cone_callback:239"
"ConeMapping::add_keyframe returned";"20";"cone_slam";"1753022832.460091081";"/home/user1/ROS2_Workspace/ros2_ws/src/cone_stellation/src/cone_stellation/ros/cone_slam_node.cpp:cone_callback:213"
"About to call ConeMapping::add_keyframe for frame 61";"20";"cone_slam";"1753022832.459105666";"/home/user1/ROS2_Workspace/ros2_ws/src/cone_stellation/src/cone_stellation/ros/cone_slam_node.cpp:cone_callback:210"
"Received cone detection with 11 cones";"20";"cone_slam";"1753022832.406767191";"/home/user1/ROS2_Workspace/ros2_ws/src/cone_stellation/src/cone_stellation/ros/cone_slam_node.cpp:cone_callback:160"
"Added keyframe 60 with 8 cone observations";"20";"cone_slam";"1753022832.159759824";"/home/user1/ROS2_Workspace/ros2_ws/src/cone_stellation/src/cone_stellation/ros/cone_slam_node.cpp:cone_callback:239"
"ConeMapping::add_keyframe returned";"20";"cone_slam";"1753022832.159735150";"/home/user1/ROS2_Workspace/ros2_ws/src/cone_stellation/src/cone_stellation/ros/cone_slam_node.cpp:cone_callback:213"
"About to call ConeMapping::add_keyframe for frame 60";"20";"cone_slam";"1753022832.158883125";"/home/user1/ROS2_Workspace/ros2_ws/src/cone_stellation/src/cone_stellation/ros/cone_slam_node.cpp:cone_callback:210"
"Publishing transforms (call #1400)";"20";"dummy_publisher";"1753022832.081248926";"/home/user1/ROS2_Workspace/ros2_ws/install/cone_stellation/lib/cone_stellation/dummy_publisher_node.py:publish_transforms:556"
"Added keyframe 59 with 10 cone observations";"20";"cone_slam";"1753022831.860658612";"/home/user1/ROS2_Workspace/ros2_ws/src/cone_stellation/src/cone_stellation/ros/cone_slam_node.cpp:cone_callback:239"
"ConeMapping::add_keyframe returned";"20";"cone_slam";"1753022831.860633597";"/home/user1/ROS2_Workspace/ros2_ws/src/cone_stellation/src/cone_stellation/ros/cone_slam_node.cpp:cone_callback:213"
"About to call ConeMapping::add_keyframe for frame 59";"20";"cone_slam";"1753022831.859214891";"/home/user1/ROS2_Workspace/ros2_ws/src/cone_stellation/src/cone_stellation/ros/cone_slam_node.cpp:cone_callback:210"
"Added keyframe 58 with 9 cone observations";"20";"cone_slam";"1753022831.608641786";"/home/user1/ROS2_Workspace/ros2_ws/src/cone_stellation/src/cone_stellation/ros/cone_slam_node.cpp:cone_callback:239"
"ConeMapping::add_keyframe returned";"20";"cone_slam";"1753022831.608604469";"/home/user1/ROS2_Workspace/ros2_ws/src/cone_stellation/src/cone_stellation/ros/cone_slam_node.cpp:cone_callback:213"
"About to call ConeMapping::add_keyframe for frame 58";"20";"cone_slam";"1753022831.607384852";"/home/user1/ROS2_Workspace/ros2_ws/src/cone_stellation/src/cone_stellation/ros/cone_slam_node.cpp:cone_callback:210"
"Added keyframe 57 with 11 cone observations";"20";"cone_slam";"1753022831.361361594";"/home/user1/ROS2_Workspace/ros2_ws/src/cone_stellation/src/cone_stellation/ros/cone_slam_node.cpp:cone_callback:239"
"ConeMapping::add_keyframe returned";"20";"cone_slam";"1753022831.361334205";"/home/user1/ROS2_Workspace/ros2_ws/src/cone_stellation/src/cone_stellation/ros/cone_slam_node.cpp:cone_callback:213"
"About to call ConeMapping::add_keyframe for frame 57";"20";"cone_slam";"1753022831.359988510";"/home/user1/ROS2_Workspace/ros2_ws/src/cone_stellation/src/cone_stellation/ros/cone_slam_node.cpp:cone_callback:210"
"Received cone detection with 11 cones";"20";"cone_slam";"1753022831.359558035";"/home/user1/ROS2_Workspace/ros2_ws/src/cone_stellation/src/cone_stellation/ros/cone_slam_node.cpp:cone_callback:160"
"Added keyframe 56 with 10 cone observations";"20";"cone_slam";"1753022831.160403073";"/home/user1/ROS2_Workspace/ros2_ws/src/cone_stellation/src/cone_stellation/ros/cone_slam_node.cpp:cone_callback:239"
"ConeMapping::add_keyframe returned";"20";"cone_slam";"1753022831.160376064";"/home/user1/ROS2_Workspace/ros2_ws/src/cone_stellation/src/cone_stellation/ros/cone_slam_node.cpp:cone_callback:213"
"About to call ConeMapping::add_keyframe for frame 56";"20";"cone_slam";"1753022831.159565855";"/home/user1/ROS2_Workspace/ros2_ws/src/cone_stellation/src/cone_stellation/ros/cone_slam_node.cpp:cone_callback:210"
"Publishing transforms (call #1300)";"20";"dummy_publisher";"1753022831.061929436";"/home/user1/ROS2_Workspace/ros2_ws/install/cone_stellation/lib/cone_stellation/dummy_publisher_node.py:publish_transforms:556"
"Added keyframe 55 with 13 cone observations";"20";"cone_slam";"1753022830.908469533";"/home/user1/ROS2_Workspace/ros2_ws/src/cone_stellation/src/cone_stellation/ros/cone_slam_node.cpp:cone_callback:239"
"ConeMapping::add_keyframe returned";"20";"cone_slam";"1753022830.908434771";"/home/user1/ROS2_Workspace/ros2_ws/src/cone_stellation/src/cone_stellation/ros/cone_slam_node.cpp:cone_callback:213"
"About to call ConeMapping::add_keyframe for frame 55";"20";"cone_slam";"1753022830.907294006";"/home/user1/ROS2_Workspace/ros2_ws/src/cone_stellation/src/cone_stellation/ros/cone_slam_node.cpp:cone_callback:210"
"Added keyframe 54 with 13 cone observations";"20";"cone_slam";"1753022830.660368077";"/home/user1/ROS2_Workspace/ros2_ws/src/cone_stellation/src/cone_stellation/ros/cone_slam_node.cpp:cone_callback:239"
"ConeMapping::add_keyframe returned";"20";"cone_slam";"1753022830.660344305";"/home/user1/ROS2_Workspace/ros2_ws/src/cone_stellation/src/cone_stellation/ros/cone_slam_node.cpp:cone_callback:213"
"About to call ConeMapping::add_keyframe for frame 54";"20";"cone_slam";"1753022830.659343401";"/home/user1/ROS2_Workspace/ros2_ws/src/cone_stellation/src/cone_stellation/ros/cone_slam_node.cpp:cone_callback:210"
"Added keyframe 53 with 10 cone observations";"20";"cone_slam";"1753022830.408540218";"/home/user1/ROS2_Workspace/ros2_ws/src/cone_stellation/src/cone_stellation/ros/cone_slam_node.cpp:cone_callback:239"
"ConeMapping::add_keyframe returned";"20";"cone_slam";"1753022830.408507799";"/home/user1/ROS2_Workspace/ros2_ws/src/cone_stellation/src/cone_stellation/ros/cone_slam_node.cpp:cone_callback:213"
"About to call ConeMapping::add_keyframe for frame 53";"20";"cone_slam";"1753022830.407491038";"/home/user1/ROS2_Workspace/ros2_ws/src/cone_stellation/src/cone_stellation/ros/cone_slam_node.cpp:cone_callback:210"
"Received cone detection with 11 cones";"20";"cone_slam";"1753022830.359220819";"/home/user1/ROS2_Workspace/ros2_ws/src/cone_stellation/src/cone_stellation/ros/cone_slam_node.cpp:cone_callback:160"
"Added keyframe 52 with 9 cone observations";"20";"cone_slam";"1753022830.108797530";"/home/user1/ROS2_Workspace/ros2_ws/src/cone_stellation/src/cone_stellation/ros/cone_slam_node.cpp:cone_callback:239"
"ConeMapping::add_keyframe returned";"20";"cone_slam";"1753022830.108766594";"/home/user1/ROS2_Workspace/ros2_ws/src/cone_stellation/src/cone_stellation/ros/cone_slam_node.cpp:cone_callback:213"
"About to call ConeMapping::add_keyframe for frame 52";"20";"cone_slam";"1753022830.107784014";"/home/user1/ROS2_Workspace/ros2_ws/src/cone_stellation/src/cone_stellation/ros/cone_slam_node.cpp:cone_callback:210"
"Publishing transforms (call #1200)";"20";"dummy_publisher";"1753022830.041406614";"/home/user1/ROS2_Workspace/ros2_ws/install/cone_stellation/lib/cone_stellation/dummy_publisher_node.py:publish_transforms:556"
"Added keyframe 51 with 9 cone observations";"20";"cone_slam";"1753022829.859801240";"/home/user1/ROS2_Workspace/ros2_ws/src/cone_stellation/src/cone_stellation/ros/cone_slam_node.cpp:cone_callback:239"
"ConeMapping::add_keyframe returned";"20";"cone_slam";"1753022829.859778059";"/home/user1/ROS2_Workspace/ros2_ws/src/cone_stellation/src/cone_stellation/ros/cone_slam_node.cpp:cone_callback:213"
"About to call ConeMapping::add_keyframe for frame 51";"20";"cone_slam";"1753022829.858992273";"/home/user1/ROS2_Workspace/ros2_ws/src/cone_stellation/src/cone_stellation/ros/cone_slam_node.cpp:cone_callback:210"
"Added keyframe 50 with 11 cone observations";"20";"cone_slam";"1753022829.509350444";"/home/user1/ROS2_Workspace/ros2_ws/src/cone_stellation/src/cone_stellation/ros/cone_slam_node.cpp:cone_callback:239"
"ConeMapping::add_keyframe returned";"20";"cone_slam";"1753022829.509305132";"/home/user1/ROS2_Workspace/ros2_ws/src/cone_stellation/src/cone_stellation/ros/cone_slam_node.cpp:cone_callback:213"
"About to call ConeMapping::add_keyframe for frame 50";"20";"cone_slam";"1753022829.507672621";"/home/user1/ROS2_Workspace/ros2_ws/src/cone_stellation/src/cone_stellation/ros/cone_slam_node.cpp:cone_callback:210"
"Received cone detection with 14 cones";"20";"cone_slam";"1753022829.358546620";"/home/user1/ROS2_Workspace/ros2_ws/src/cone_stellation/src/cone_stellation/ros/cone_slam_node.cpp:cone_callback:160"
"Added keyframe 49 with 16 cone observations";"20";"cone_slam";"1753022829.209981748";"/home/user1/ROS2_Workspace/ros2_ws/src/cone_stellation/src/cone_stellation/ros/cone_slam_node.cpp:cone_callback:239"
"ConeMapping::add_keyframe returned";"20";"cone_slam";"1753022829.209949440";"/home/user1/ROS2_Workspace/ros2_ws/src/cone_stellation/src/cone_stellation/ros/cone_slam_node.cpp:cone_callback:213"
"About to call ConeMapping::add_keyframe for frame 49";"20";"cone_slam";"1753022829.208545671";"/home/user1/ROS2_Workspace/ros2_ws/src/cone_stellation/src/cone_stellation/ros/cone_slam_node.cpp:cone_callback:210"
"Publishing transforms (call #1100)";"20";"dummy_publisher";"1753022829.013260186";"/home/user1/ROS2_Workspace/ros2_ws/install/cone_stellation/lib/cone_stellation/dummy_publisher_node.py:publish_transforms:556"
"Added keyframe 48 with 14 cone observations";"20";"cone_slam";"1753022828.909340787";"/home/user1/ROS2_Workspace/ros2_ws/src/cone_stellation/src/cone_stellation/ros/cone_slam_node.cpp:cone_callback:239"
"ConeMapping::add_keyframe returned";"20";"cone_slam";"1753022828.909310362";"/home/user1/ROS2_Workspace/ros2_ws/src/cone_stellation/src/cone_stellation/ros/cone_slam_node.cpp:cone_callback:213"
"About to call ConeMapping::add_keyframe for frame 48";"20";"cone_slam";"1753022828.908203498";"/home/user1/ROS2_Workspace/ros2_ws/src/cone_stellation/src/cone_stellation/ros/cone_slam_node.cpp:cone_callback:210"
"Added keyframe 47 with 16 cone observations";"20";"cone_slam";"1753022828.709847845";"/home/user1/ROS2_Workspace/ros2_ws/src/cone_stellation/src/cone_stellation/ros/cone_slam_node.cpp:cone_callback:239"
"ConeMapping::add_keyframe returned";"20";"cone_slam";"1753022828.709810487";"/home/user1/ROS2_Workspace/ros2_ws/src/cone_stellation/src/cone_stellation/ros/cone_slam_node.cpp:cone_callback:213"
"About to call ConeMapping::add_keyframe for frame 47";"20";"cone_slam";"1753022828.708543826";"/home/user1/ROS2_Workspace/ros2_ws/src/cone_stellation/src/cone_stellation/ros/cone_slam_node.cpp:cone_callback:210"
"Added keyframe 46 with 15 cone observations";"20";"cone_slam";"1753022828.459936500";"/home/user1/ROS2_Workspace/ros2_ws/src/cone_stellation/src/cone_stellation/ros/cone_slam_node.cpp:cone_callback:239"
"ConeMapping::add_keyframe returned";"20";"cone_slam";"1753022828.459913899";"/home/user1/ROS2_Workspace/ros2_ws/src/cone_stellation/src/cone_stellation/ros/cone_slam_node.cpp:cone_callback:213"
"About to call ConeMapping::add_keyframe for frame 46";"20";"cone_slam";"1753022828.459041919";"/home/user1/ROS2_Workspace/ros2_ws/src/cone_stellation/src/cone_stellation/ros/cone_slam_node.cpp:cone_callback:210"
"Received cone detection with 14 cones";"20";"cone_slam";"1753022828.307049814";"/home/user1/ROS2_Workspace/ros2_ws/src/cone_stellation/src/cone_stellation/ros/cone_slam_node.cpp:cone_callback:160"
"Added keyframe 45 with 14 cone observations";"20";"cone_slam";"1753022828.209272390";"/home/user1/ROS2_Workspace/ros2_ws/src/cone_stellation/src/cone_stellation/ros/cone_slam_node.cpp:cone_callback:239"
"ConeMapping::add_keyframe returned";"20";"cone_slam";"1753022828.209242375";"/home/user1/ROS2_Workspace/ros2_ws/src/cone_stellation/src/cone_stellation/ros/cone_slam_node.cpp:cone_callback:213"
"About to call ConeMapping::add_keyframe for frame 45";"20";"cone_slam";"1753022828.208194107";"/home/user1/ROS2_Workspace/ros2_ws/src/cone_stellation/src/cone_stellation/ros/cone_slam_node.cpp:cone_callback:210"
"Publishing 43 landmarks";"20";"cone_slam";"1753022828.156942874";"/home/user1/ROS2_Workspace/ros2_ws/src/cone_stellation/src/cone_stellation/ros/cone_slam_node.cpp:visualization_callback:462"
"Added keyframe 44 with 17 cone observations";"20";"cone_slam";"1753022828.009890738";"/home/user1/ROS2_Workspace/ros2_ws/src/cone_stellation/src/cone_stellation/ros/cone_slam_node.cpp:cone_callback:239"
"ConeMapping::add_keyframe returned";"20";"cone_slam";"1753022828.009860644";"/home/user1/ROS2_Workspace/ros2_ws/src/cone_stellation/src/cone_stellation/ros/cone_slam_node.cpp:cone_callback:213"
"About to call ConeMapping::add_keyframe for frame 44";"20";"cone_slam";"1753022828.008875639";"/home/user1/ROS2_Workspace/ros2_ws/src/cone_stellation/src/cone_stellation/ros/cone_slam_node.cpp:cone_callback:210"
"Odom->base_link transform - X: 80.21, Y: 14.54, Theta: 0.04";"20";"dummy_publisher";"1753022827.992474525";"/home/user1/ROS2_Workspace/ros2_ws/install/cone_stellation/lib/cone_stellation/dummy_publisher_node.py:publish_transforms:610"
"Publishing transforms (call #1000)";"20";"dummy_publisher";"1753022827.992062403";"/home/user1/ROS2_Workspace/ros2_ws/install/cone_stellation/lib/cone_stellation/dummy_publisher_node.py:publish_transforms:556"
"Current pose: x=78.97, y=12.41, theta=0.12";"20";"cone_slam";"1753022827.958465474";"/home/user1/ROS2_Workspace/ros2_ws/src/cone_stellation/src/cone_stellation/ros/cone_slam_node.cpp:visualization_callback:534"
"Publishing 271 factors";"20";"cone_slam";"1753022827.958250126";"/home/user1/ROS2_Workspace/ros2_ws/src/cone_stellation/src/cone_stellation/ros/cone_slam_node.cpp:visualization_callback:474"
"Added keyframe 43 with 15 cone observations";"20";"cone_slam";"1753022827.760100417";"/home/user1/ROS2_Workspace/ros2_ws/src/cone_stellation/src/cone_stellation/ros/cone_slam_node.cpp:cone_callback:239"
"ConeMapping::add_keyframe returned";"20";"cone_slam";"1753022827.760077496";"/home/user1/ROS2_Workspace/ros2_ws/src/cone_stellation/src/cone_stellation/ros/cone_slam_node.cpp:cone_callback:213"
"About to call ConeMapping::add_keyframe for frame 43";"20";"cone_slam";"1753022827.759283425";"/home/user1/ROS2_Workspace/ros2_ws/src/cone_stellation/src/cone_stellation/ros/cone_slam_node.cpp:cone_callback:210"
"Added keyframe 42 with 15 cone observations";"20";"cone_slam";"1753022827.559879386";"/home/user1/ROS2_Workspace/ros2_ws/src/cone_stellation/src/cone_stellation/ros/cone_slam_node.cpp:cone_callback:239"
"ConeMapping::add_keyframe returned";"20";"cone_slam";"1753022827.559854772";"/home/user1/ROS2_Workspace/ros2_ws/src/cone_stellation/src/cone_stellation/ros/cone_slam_node.cpp:cone_callback:213"
"About to call ConeMapping::add_keyframe for frame 42";"20";"cone_slam";"1753022827.558993971";"/home/user1/ROS2_Workspace/ros2_ws/src/cone_stellation/src/cone_stellation/ros/cone_slam_node.cpp:cone_callback:210"
"Publishing 42 keyframes";"20";"cone_slam";"1753022827.558204559";"/home/user1/ROS2_Workspace/ros2_ws/src/cone_stellation/src/cone_stellation/ros/cone_slam_node.cpp:visualization_callback:554"
"Added keyframe 41 with 10 cone observations";"20";"cone_slam";"1753022827.309087341";"/home/user1/ROS2_Workspace/ros2_ws/src/cone_stellation/src/cone_stellation/ros/cone_slam_node.cpp:cone_callback:239"
"ConeMapping::add_keyframe returned";"20";"cone_slam";"1753022827.309049232";"/home/user1/ROS2_Workspace/ros2_ws/src/cone_stellation/src/cone_stellation/ros/cone_slam_node.cpp:cone_callback:213"
"About to call ConeMapping::add_keyframe for frame 41";"20";"cone_slam";"1753022827.308141026";"/home/user1/ROS2_Workspace/ros2_ws/src/cone_stellation/src/cone_stellation/ros/cone_slam_node.cpp:cone_callback:210"
"Received cone detection with 13 cones";"20";"cone_slam";"1753022827.258945069";"/home/user1/ROS2_Workspace/ros2_ws/src/cone_stellation/src/cone_stellation/ros/cone_slam_node.cpp:cone_callback:160"
"Added keyframe 40 with 9 cone observations";"20";"cone_slam";"1753022827.107869384";"/home/user1/ROS2_Workspace/ros2_ws/src/cone_stellation/src/cone_stellation/ros/cone_slam_node.cpp:cone_callback:239"
"ConeMapping::add_keyframe returned";"20";"cone_slam";"1753022827.107833319";"/home/user1/ROS2_Workspace/ros2_ws/src/cone_stellation/src/cone_stellation/ros/cone_slam_node.cpp:cone_callback:213"
"About to call ConeMapping::add_keyframe for frame 40";"20";"cone_slam";"1753022827.107055108";"/home/user1/ROS2_Workspace/ros2_ws/src/cone_stellation/src/cone_stellation/ros/cone_slam_node.cpp:cone_callback:210"
"Publishing transforms (call #900)";"20";"dummy_publisher";"1753022826.970422591";"/home/user1/ROS2_Workspace/ros2_ws/install/cone_stellation/lib/cone_stellation/dummy_publisher_node.py:publish_transforms:556"
"Added keyframe 39 with 11 cone observations";"20";"cone_slam";"1753022826.909236600";"/home/user1/ROS2_Workspace/ros2_ws/src/cone_stellation/src/cone_stellation/ros/cone_slam_node.cpp:cone_callback:239"
"ConeMapping::add_keyframe returned";"20";"cone_slam";"1753022826.909204222";"/home/user1/ROS2_Workspace/ros2_ws/src/cone_stellation/src/cone_stellation/ros/cone_slam_node.cpp:cone_callback:213"
"About to call ConeMapping::add_keyframe for frame 39";"20";"cone_slam";"1753022826.907498910";"/home/user1/ROS2_Workspace/ros2_ws/src/cone_stellation/src/cone_stellation/ros/cone_slam_node.cpp:cone_callback:210"
"Added keyframe 38 with 11 cone observations";"20";"cone_slam";"1753022826.659477061";"/home/user1/ROS2_Workspace/ros2_ws/src/cone_stellation/src/cone_stellation/ros/cone_slam_node.cpp:cone_callback:239"
"ConeMapping::add_keyframe returned";"20";"cone_slam";"1753022826.659452657";"/home/user1/ROS2_Workspace/ros2_ws/src/cone_stellation/src/cone_stellation/ros/cone_slam_node.cpp:cone_callback:213"
"About to call ConeMapping::add_keyframe for frame 38";"20";"cone_slam";"1753022826.658868715";"/home/user1/ROS2_Workspace/ros2_ws/src/cone_stellation/src/cone_stellation/ros/cone_slam_node.cpp:cone_callback:210"
"Added keyframe 37 with 9 cone observations";"20";"cone_slam";"1753022826.408767070";"/home/user1/ROS2_Workspace/ros2_ws/src/cone_stellation/src/cone_stellation/ros/cone_slam_node.cpp:cone_callback:239"
"ConeMapping::add_keyframe returned";"20";"cone_slam";"1753022826.408726016";"/home/user1/ROS2_Workspace/ros2_ws/src/cone_stellation/src/cone_stellation/ros/cone_slam_node.cpp:cone_callback:213"
"About to call ConeMapping::add_keyframe for frame 37";"20";"cone_slam";"1753022826.407379180";"/home/user1/ROS2_Workspace/ros2_ws/src/cone_stellation/src/cone_stellation/ros/cone_slam_node.cpp:cone_callback:210"
"Received cone detection with 8 cones";"20";"cone_slam";"1753022826.207597984";"/home/user1/ROS2_Workspace/ros2_ws/src/cone_stellation/src/cone_stellation/ros/cone_slam_node.cpp:cone_callback:160"
"Added keyframe 36 with 8 cone observations";"20";"cone_slam";"1753022826.159444728";"/home/user1/ROS2_Workspace/ros2_ws/src/cone_stellation/src/cone_stellation/ros/cone_slam_node.cpp:cone_callback:239"
"ConeMapping::add_keyframe returned";"20";"cone_slam";"1753022826.159421567";"/home/user1/ROS2_Workspace/ros2_ws/src/cone_stellation/src/cone_stellation/ros/cone_slam_node.cpp:cone_callback:213"
"About to call ConeMapping::add_keyframe for frame 36";"20";"cone_slam";"1753022826.158857420";"/home/user1/ROS2_Workspace/ros2_ws/src/cone_stellation/src/cone_stellation/ros/cone_slam_node.cpp:cone_callback:210"
"Publishing transforms (call #800)";"20";"dummy_publisher";"1753022825.950072370";"/home/user1/ROS2_Workspace/ros2_ws/install/cone_stellation/lib/cone_stellation/dummy_publisher_node.py:publish_transforms:556"
"Added keyframe 35 with 7 cone observations";"20";"cone_slam";"1753022825.908580986";"/home/user1/ROS2_Workspace/ros2_ws/src/cone_stellation/src/cone_stellation/ros/cone_slam_node.cpp:cone_callback:239"
"ConeMapping::add_keyframe returned";"20";"cone_slam";"1753022825.908548027";"/home/user1/ROS2_Workspace/ros2_ws/src/cone_stellation/src/cone_stellation/ros/cone_slam_node.cpp:cone_callback:213"
"About to call ConeMapping::add_keyframe for frame 35";"20";"cone_slam";"1753022825.907716399";"/home/user1/ROS2_Workspace/ros2_ws/src/cone_stellation/src/cone_stellation/ros/cone_slam_node.cpp:cone_callback:210"
"Added keyframe 34 with 9 cone observations";"20";"cone_slam";"1753022825.708877153";"/home/user1/ROS2_Workspace/ros2_ws/src/cone_stellation/src/cone_stellation/ros/cone_slam_node.cpp:cone_callback:239"
"ConeMapping::add_keyframe returned";"20";"cone_slam";"1753022825.708848862";"/home/user1/ROS2_Workspace/ros2_ws/src/cone_stellation/src/cone_stellation/ros/cone_slam_node.cpp:cone_callback:213"
"About to call ConeMapping::add_keyframe for frame 34";"20";"cone_slam";"1753022825.708143121";"/home/user1/ROS2_Workspace/ros2_ws/src/cone_stellation/src/cone_stellation/ros/cone_slam_node.cpp:cone_callback:210"
"Added keyframe 33 with 6 cone observations";"20";"cone_slam";"1753022825.459691003";"/home/user1/ROS2_Workspace/ros2_ws/src/cone_stellation/src/cone_stellation/ros/cone_slam_node.cpp:cone_callback:239"
"ConeMapping::add_keyframe returned";"20";"cone_slam";"1753022825.459652513";"/home/user1/ROS2_Workspace/ros2_ws/src/cone_stellation/src/cone_stellation/ros/cone_slam_node.cpp:cone_callback:213"
"About to call ConeMapping::add_keyframe for frame 33";"20";"cone_slam";"1753022825.459083058";"/home/user1/ROS2_Workspace/ros2_ws/src/cone_stellation/src/cone_stellation/ros/cone_slam_node.cpp:cone_callback:210"
"Added keyframe 32 with 8 cone observations";"20";"cone_slam";"1753022825.258920147";"/home/user1/ROS2_Workspace/ros2_ws/src/cone_stellation/src/cone_stellation/ros/cone_slam_node.cpp:cone_callback:239"
"ConeMapping::add_keyframe returned";"20";"cone_slam";"1753022825.258890374";"/home/user1/ROS2_Workspace/ros2_ws/src/cone_stellation/src/cone_stellation/ros/cone_slam_node.cpp:cone_callback:213"
"About to call ConeMapping::add_keyframe for frame 32";"20";"cone_slam";"1753022825.258269195";"/home/user1/ROS2_Workspace/ros2_ws/src/cone_stellation/src/cone_stellation/ros/cone_slam_node.cpp:cone_callback:210"
"Received cone detection with 8 cones";"20";"cone_slam";"1753022825.158976711";"/home/user1/ROS2_Workspace/ros2_ws/src/cone_stellation/src/cone_stellation/ros/cone_slam_node.cpp:cone_callback:160"
"Added keyframe 31 with 9 cone observations";"20";"cone_slam";"1753022825.059373277";"/home/user1/ROS2_Workspace/ros2_ws/src/cone_stellation/src/cone_stellation/ros/cone_slam_node.cpp:cone_callback:239"
"ConeMapping::add_keyframe returned";"20";"cone_slam";"1753022825.059347370";"/home/user1/ROS2_Workspace/ros2_ws/src/cone_stellation/src/cone_stellation/ros/cone_slam_node.cpp:cone_callback:213"
"About to call ConeMapping::add_keyframe for frame 31";"20";"cone_slam";"1753022825.058772404";"/home/user1/ROS2_Workspace/ros2_ws/src/cone_stellation/src/cone_stellation/ros/cone_slam_node.cpp:cone_callback:210"
"Publishing transforms (call #700)";"20";"dummy_publisher";"1753022824.939090800";"/home/user1/ROS2_Workspace/ros2_ws/install/cone_stellation/lib/cone_stellation/dummy_publisher_node.py:publish_transforms:556"
"Added keyframe 30 with 6 cone observations";"20";"cone_slam";"1753022824.807324763";"/home/user1/ROS2_Workspace/ros2_ws/src/cone_stellation/src/cone_stellation/ros/cone_slam_node.cpp:cone_callback:239"
"ConeMapping::add_keyframe returned";"20";"cone_slam";"1753022824.807292575";"/home/user1/ROS2_Workspace/ros2_ws/src/cone_stellation/src/cone_stellation/ros/cone_slam_node.cpp:cone_callback:213"
"About to call ConeMapping::add_keyframe for frame 30";"20";"cone_slam";"1753022824.806536143";"/home/user1/ROS2_Workspace/ros2_ws/src/cone_stellation/src/cone_stellation/ros/cone_slam_node.cpp:cone_callback:210"
"Added keyframe 29 with 7 cone observations";"20";"cone_slam";"1753022824.609354174";"/home/user1/ROS2_Workspace/ros2_ws/src/cone_stellation/src/cone_stellation/ros/cone_slam_node.cpp:cone_callback:239"
"ConeMapping::add_keyframe returned";"20";"cone_slam";"1753022824.609324711";"/home/user1/ROS2_Workspace/ros2_ws/src/cone_stellation/src/cone_stellation/ros/cone_slam_node.cpp:cone_callback:213"
"About to call ConeMapping::add_keyframe for frame 29";"20";"cone_slam";"1753022824.607472675";"/home/user1/ROS2_Workspace/ros2_ws/src/cone_stellation/src/cone_stellation/ros/cone_slam_node.cpp:cone_callback:210"
"Added keyframe 28 with 9 cone observations";"20";"cone_slam";"1753022824.359561117";"/home/user1/ROS2_Workspace/ros2_ws/src/cone_stellation/src/cone_stellation/ros/cone_slam_node.cpp:cone_callback:239"
"ConeMapping::add_keyframe returned";"20";"cone_slam";"1753022824.359534649";"/home/user1/ROS2_Workspace/ros2_ws/src/cone_stellation/src/cone_stellation/ros/cone_slam_node.cpp:cone_callback:213"
"About to call ConeMapping::add_keyframe for frame 28";"20";"cone_slam";"1753022824.358867087";"/home/user1/ROS2_Workspace/ros2_ws/src/cone_stellation/src/cone_stellation/ros/cone_slam_node.cpp:cone_callback:210"
"Added keyframe 27 with 7 cone observations";"20";"cone_slam";"1753022824.108520342";"/home/user1/ROS2_Workspace/ros2_ws/src/cone_stellation/src/cone_stellation/ros/cone_slam_node.cpp:cone_callback:239"
"ConeMapping::add_keyframe returned";"20";"cone_slam";"1753022824.108486281";"/home/user1/ROS2_Workspace/ros2_ws/src/cone_stellation/src/cone_stellation/ros/cone_slam_node.cpp:cone_callback:213"
"About to call ConeMapping::add_keyframe for frame 27";"20";"cone_slam";"1753022824.107561976";"/home/user1/ROS2_Workspace/ros2_ws/src/cone_stellation/src/cone_stellation/ros/cone_slam_node.cpp:cone_callback:210"
"Received cone detection with 7 cones";"20";"cone_slam";"1753022824.107263038";"/home/user1/ROS2_Workspace/ros2_ws/src/cone_stellation/src/cone_stellation/ros/cone_slam_node.cpp:cone_callback:160"
"Publishing transforms (call #600)";"20";"dummy_publisher";"1753022823.928867100";"/home/user1/ROS2_Workspace/ros2_ws/install/cone_stellation/lib/cone_stellation/dummy_publisher_node.py:publish_transforms:556"
"Added keyframe 26 with 9 cone observations";"20";"cone_slam";"1753022823.859143073";"/home/user1/ROS2_Workspace/ros2_ws/src/cone_stellation/src/cone_stellation/ros/cone_slam_node.cpp:cone_callback:239"
"ConeMapping::add_keyframe returned";"20";"cone_slam";"1753022823.859117497";"/home/user1/ROS2_Workspace/ros2_ws/src/cone_stellation/src/cone_stellation/ros/cone_slam_node.cpp:cone_callback:213"
"About to call ConeMapping::add_keyframe for frame 26";"20";"cone_slam";"1753022823.858497330";"/home/user1/ROS2_Workspace/ros2_ws/src/cone_stellation/src/cone_stellation/ros/cone_slam_node.cpp:cone_callback:210"
"Added keyframe 25 with 7 cone observations";"20";"cone_slam";"1753022823.660184958";"/home/user1/ROS2_Workspace/ros2_ws/src/cone_stellation/src/cone_stellation/ros/cone_slam_node.cpp:cone_callback:239"
"ConeMapping::add_keyframe returned";"20";"cone_slam";"1753022823.660159923";"/home/user1/ROS2_Workspace/ros2_ws/src/cone_stellation/src/cone_stellation/ros/cone_slam_node.cpp:cone_callback:213"
"About to call ConeMapping::add_keyframe for frame 25";"20";"cone_slam";"1753022823.659591570";"/home/user1/ROS2_Workspace/ros2_ws/src/cone_stellation/src/cone_stellation/ros/cone_slam_node.cpp:cone_callback:210"
"Added keyframe 24 with 9 cone observations";"20";"cone_slam";"1753022823.459437742";"/home/user1/ROS2_Workspace/ros2_ws/src/cone_stellation/src/cone_stellation/ros/cone_slam_node.cpp:cone_callback:239"
"ConeMapping::add_keyframe returned";"20";"cone_slam";"1753022823.459412717";"/home/user1/ROS2_Workspace/ros2_ws/src/cone_stellation/src/cone_stellation/ros/cone_slam_node.cpp:cone_callback:213"
"About to call ConeMapping::add_keyframe for frame 24";"20";"cone_slam";"1753022823.458835237";"/home/user1/ROS2_Workspace/ros2_ws/src/cone_stellation/src/cone_stellation/ros/cone_slam_node.cpp:cone_callback:210"
"Added keyframe 23 with 6 cone observations";"20";"cone_slam";"1753022823.259733443";"/home/user1/ROS2_Workspace/ros2_ws/src/cone_stellation/src/cone_stellation/ros/cone_slam_node.cpp:cone_callback:239"
"ConeMapping::add_keyframe returned";"20";"cone_slam";"1753022823.259702427";"/home/user1/ROS2_Workspace/ros2_ws/src/cone_stellation/src/cone_stellation/ros/cone_slam_node.cpp:cone_callback:213"
"About to call ConeMapping::add_keyframe for frame 23";"20";"cone_slam";"1753022823.259062925";"/home/user1/ROS2_Workspace/ros2_ws/src/cone_stellation/src/cone_stellation/ros/cone_slam_node.cpp:cone_callback:210"
"Added keyframe 22 with 7 cone observations";"20";"cone_slam";"1753022823.059627051";"/home/user1/ROS2_Workspace/ros2_ws/src/cone_stellation/src/cone_stellation/ros/cone_slam_node.cpp:cone_callback:239"
"ConeMapping::add_keyframe returned";"20";"cone_slam";"1753022823.059592118";"/home/user1/ROS2_Workspace/ros2_ws/src/cone_stellation/src/cone_stellation/ros/cone_slam_node.cpp:cone_callback:213"
"About to call ConeMapping::add_keyframe for frame 22";"20";"cone_slam";"1753022823.058871089";"/home/user1/ROS2_Workspace/ros2_ws/src/cone_stellation/src/cone_stellation/ros/cone_slam_node.cpp:cone_callback:210"
"Received cone detection with 7 cones";"20";"cone_slam";"1753022823.058714167";"/home/user1/ROS2_Workspace/ros2_ws/src/cone_stellation/src/cone_stellation/ros/cone_slam_node.cpp:cone_callback:160"
"Publishing 30 landmarks";"20";"cone_slam";"1753022823.056997294";"/home/user1/ROS2_Workspace/ros2_ws/src/cone_stellation/src/cone_stellation/ros/cone_slam_node.cpp:visualization_callback:462"
"Current pose: x=54.55, y=12.49, theta=-0.01";"20";"cone_slam";"1753022822.957850999";"/home/user1/ROS2_Workspace/ros2_ws/src/cone_stellation/src/cone_stellation/ros/cone_slam_node.cpp:visualization_callback:534"
"Publishing 193 factors";"20";"cone_slam";"1753022822.957646010";"/home/user1/ROS2_Workspace/ros2_ws/src/cone_stellation/src/cone_stellation/ros/cone_slam_node.cpp:visualization_callback:474"
"Publishing transforms (call #500)";"20";"dummy_publisher";"1753022822.919067891";"/home/user1/ROS2_Workspace/ros2_ws/install/cone_stellation/lib/cone_stellation/dummy_publisher_node.py:publish_transforms:556"
"Added keyframe 21 with 8 cone observations";"20";"cone_slam";"1753022822.808508355";"/home/user1/ROS2_Workspace/ros2_ws/src/cone_stellation/src/cone_stellation/ros/cone_slam_node.cpp:cone_callback:239"
"ConeMapping::add_keyframe returned";"20";"cone_slam";"1753022822.808428411";"/home/user1/ROS2_Workspace/ros2_ws/src/cone_stellation/src/cone_stellation/ros/cone_slam_node.cpp:cone_callback:213"
"About to call ConeMapping::add_keyframe for frame 21";"20";"cone_slam";"1753022822.807322459";"/home/user1/ROS2_Workspace/ros2_ws/src/cone_stellation/src/cone_stellation/ros/cone_slam_node.cpp:cone_callback:210"
"Added keyframe 20 with 8 cone observations";"20";"cone_slam";"1753022822.608967904";"/home/user1/ROS2_Workspace/ros2_ws/src/cone_stellation/src/cone_stellation/ros/cone_slam_node.cpp:cone_callback:239"
"ConeMapping::add_keyframe returned";"20";"cone_slam";"1753022822.608913306";"/home/user1/ROS2_Workspace/ros2_ws/src/cone_stellation/src/cone_stellation/ros/cone_slam_node.cpp:cone_callback:213"
"About to call ConeMapping::add_keyframe for frame 20";"20";"cone_slam";"1753022822.607702235";"/home/user1/ROS2_Workspace/ros2_ws/src/cone_stellation/src/cone_stellation/ros/cone_slam_node.cpp:cone_callback:210"
"Publishing 20 keyframes";"20";"cone_slam";"1753022822.459065852";"/home/user1/ROS2_Workspace/ros2_ws/src/cone_stellation/src/cone_stellation/ros/cone_slam_node.cpp:visualization_callback:554"
"Added keyframe 19 with 10 cone observations";"20";"cone_slam";"1753022822.409276622";"/home/user1/ROS2_Workspace/ros2_ws/src/cone_stellation/src/cone_stellation/ros/cone_slam_node.cpp:cone_callback:239"
"ConeMapping::add_keyframe returned";"20";"cone_slam";"1753022822.409244884";"/home/user1/ROS2_Workspace/ros2_ws/src/cone_stellation/src/cone_stellation/ros/cone_slam_node.cpp:cone_callback:213"
"About to call ConeMapping::add_keyframe for frame 19";"20";"cone_slam";"1753022822.407789343";"/home/user1/ROS2_Workspace/ros2_ws/src/cone_stellation/src/cone_stellation/ros/cone_slam_node.cpp:cone_callback:210"
"Added keyframe 18 with 8 cone observations";"20";"cone_slam";"1753022822.208879087";"/home/user1/ROS2_Workspace/ros2_ws/src/cone_stellation/src/cone_stellation/ros/cone_slam_node.cpp:cone_callback:239"
"ConeMapping::add_keyframe returned";"20";"cone_slam";"1753022822.208841970";"/home/user1/ROS2_Workspace/ros2_ws/src/cone_stellation/src/cone_stellation/ros/cone_slam_node.cpp:cone_callback:213"
"About to call ConeMapping::add_keyframe for frame 18";"20";"cone_slam";"1753022822.207640226";"/home/user1/ROS2_Workspace/ros2_ws/src/cone_stellation/src/cone_stellation/ros/cone_slam_node.cpp:cone_callback:210"
"Received cone detection with 7 cones";"20";"cone_slam";"1753022822.008409463";"/home/user1/ROS2_Workspace/ros2_ws/src/cone_stellation/src/cone_stellation/ros/cone_slam_node.cpp:cone_callback:160"
"Added keyframe 17 with 7 cone observations";"20";"cone_slam";"1753022821.959146393";"/home/user1/ROS2_Workspace/ros2_ws/src/cone_stellation/src/cone_stellation/ros/cone_slam_node.cpp:cone_callback:239"
"ConeMapping::add_keyframe returned";"20";"cone_slam";"1753022821.959120036";"/home/user1/ROS2_Workspace/ros2_ws/src/cone_stellation/src/cone_stellation/ros/cone_slam_node.cpp:cone_callback:213"
"About to call ConeMapping::add_keyframe for frame 17";"20";"cone_slam";"1753022821.958558925";"/home/user1/ROS2_Workspace/ros2_ws/src/cone_stellation/src/cone_stellation/ros/cone_slam_node.cpp:cone_callback:210"
"Publishing transforms (call #400)";"20";"dummy_publisher";"1753022821.910123857";"/home/user1/ROS2_Workspace/ros2_ws/install/cone_stellation/lib/cone_stellation/dummy_publisher_node.py:publish_transforms:556"
"Added keyframe 16 with 9 cone observations";"20";"cone_slam";"1753022821.707450037";"/home/user1/ROS2_Workspace/ros2_ws/src/cone_stellation/src/cone_stellation/ros/cone_slam_node.cpp:cone_callback:239"
"ConeMapping::add_keyframe returned";"20";"cone_slam";"1753022821.707397372";"/home/user1/ROS2_Workspace/ros2_ws/src/cone_stellation/src/cone_stellation/ros/cone_slam_node.cpp:cone_callback:213"
"About to call ConeMapping::add_keyframe for frame 16";"20";"cone_slam";"1753022821.706658532";"/home/user1/ROS2_Workspace/ros2_ws/src/cone_stellation/src/cone_stellation/ros/cone_slam_node.cpp:cone_callback:210"
"Added keyframe 15 with 8 cone observations";"20";"cone_slam";"1753022821.459586494";"/home/user1/ROS2_Workspace/ros2_ws/src/cone_stellation/src/cone_stellation/ros/cone_slam_node.cpp:cone_callback:239"
"ConeMapping::add_keyframe returned";"20";"cone_slam";"1753022821.459548916";"/home/user1/ROS2_Workspace/ros2_ws/src/cone_stellation/src/cone_stellation/ros/cone_slam_node.cpp:cone_callback:213"
"About to call ConeMapping::add_keyframe for frame 15";"20";"cone_slam";"1753022821.458975012";"/home/user1/ROS2_Workspace/ros2_ws/src/cone_stellation/src/cone_stellation/ros/cone_slam_node.cpp:cone_callback:210"
"Added keyframe 14 with 8 cone observations";"20";"cone_slam";"1753022821.208238795";"/home/user1/ROS2_Workspace/ros2_ws/src/cone_stellation/src/cone_stellation/ros/cone_slam_node.cpp:cone_callback:239"
"ConeMapping::add_keyframe returned";"20";"cone_slam";"1753022821.208204824";"/home/user1/ROS2_Workspace/ros2_ws/src/cone_stellation/src/cone_stellation/ros/cone_slam_node.cpp:cone_callback:213"
"About to call ConeMapping::add_keyframe for frame 14";"20";"cone_slam";"1753022821.207165092";"/home/user1/ROS2_Workspace/ros2_ws/src/cone_stellation/src/cone_stellation/ros/cone_slam_node.cpp:cone_callback:210"
"Received cone detection with 7 cones";"20";"cone_slam";"1753022821.006988709";"/home/user1/ROS2_Workspace/ros2_ws/src/cone_stellation/src/cone_stellation/ros/cone_slam_node.cpp:cone_callback:160"
"Added keyframe 13 with 8 cone observations";"20";"cone_slam";"1753022820.957790340";"/home/user1/ROS2_Workspace/ros2_ws/src/cone_stellation/src/cone_stellation/ros/cone_slam_node.cpp:cone_callback:239"
"ConeMapping::add_keyframe returned";"20";"cone_slam";"1753022820.957757601";"/home/user1/ROS2_Workspace/ros2_ws/src/cone_stellation/src/cone_stellation/ros/cone_slam_node.cpp:cone_callback:213"
"About to call ConeMapping::add_keyframe for frame 13";"20";"cone_slam";"1753022820.956998404";"/home/user1/ROS2_Workspace/ros2_ws/src/cone_stellation/src/cone_stellation/ros/cone_slam_node.cpp:cone_callback:210"
"Publishing transforms (call #300)";"20";"dummy_publisher";"1753022820.897671875";"/home/user1/ROS2_Workspace/ros2_ws/install/cone_stellation/lib/cone_stellation/dummy_publisher_node.py:publish_transforms:556"
"Added keyframe 12 with 8 cone observations";"20";"cone_slam";"1753022820.759699967";"/home/user1/ROS2_Workspace/ros2_ws/src/cone_stellation/src/cone_stellation/ros/cone_slam_node.cpp:cone_callback:239"
"ConeMapping::add_keyframe returned";"20";"cone_slam";"1753022820.759677987";"/home/user1/ROS2_Workspace/ros2_ws/src/cone_stellation/src/cone_stellation/ros/cone_slam_node.cpp:cone_callback:213"
"About to call ConeMapping::add_keyframe for frame 12";"20";"cone_slam";"1753022820.759095758";"/home/user1/ROS2_Workspace/ros2_ws/src/cone_stellation/src/cone_stellation/ros/cone_slam_node.cpp:cone_callback:210"
"Added keyframe 11 with 7 cone observations";"20";"cone_slam";"1753022820.509285135";"/home/user1/ROS2_Workspace/ros2_ws/src/cone_stellation/src/cone_stellation/ros/cone_slam_node.cpp:cone_callback:239"
"ConeMapping::add_keyframe returned";"20";"cone_slam";"1753022820.509251534";"/home/user1/ROS2_Workspace/ros2_ws/src/cone_stellation/src/cone_stellation/ros/cone_slam_node.cpp:cone_callback:213"
"About to call ConeMapping::add_keyframe for frame 11";"20";"cone_slam";"1753022820.508374845";"/home/user1/ROS2_Workspace/ros2_ws/src/cone_stellation/src/cone_stellation/ros/cone_slam_node.cpp:cone_callback:210"
"Added keyframe 10 with 7 cone observations";"20";"cone_slam";"1753022820.257815713";"/home/user1/ROS2_Workspace/ros2_ws/src/cone_stellation/src/cone_stellation/ros/cone_slam_node.cpp:cone_callback:239"
"ConeMapping::add_keyframe returned";"20";"cone_slam";"1753022820.257785579";"/home/user1/ROS2_Workspace/ros2_ws/src/cone_stellation/src/cone_stellation/ros/cone_slam_node.cpp:cone_callback:213"
"About to call ConeMapping::add_keyframe for frame 10";"20";"cone_slam";"1753022820.256847109";"/home/user1/ROS2_Workspace/ros2_ws/src/cone_stellation/src/cone_stellation/ros/cone_slam_node.cpp:cone_callback:210"
"Added keyframe 9 with 8 cone observations";"20";"cone_slam";"1753022820.007636836";"/home/user1/ROS2_Workspace/ros2_ws/src/cone_stellation/src/cone_stellation/ros/cone_slam_node.cpp:cone_callback:239"
"ConeMapping::add_keyframe returned";"20";"cone_slam";"1753022820.007604989";"/home/user1/ROS2_Workspace/ros2_ws/src/cone_stellation/src/cone_stellation/ros/cone_slam_node.cpp:cone_callback:213"
"About to call ConeMapping::add_keyframe for frame 9";"20";"cone_slam";"1753022820.006855369";"/home/user1/ROS2_Workspace/ros2_ws/src/cone_stellation/src/cone_stellation/ros/cone_slam_node.cpp:cone_callback:210"
"Received cone detection with 9 cones";"20";"cone_slam";"1753022819.958368313";"/home/user1/ROS2_Workspace/ros2_ws/src/cone_stellation/src/cone_stellation/ros/cone_slam_node.cpp:cone_callback:160"
"Publishing transforms (call #200)";"20";"dummy_publisher";"1753022819.887804763";"/home/user1/ROS2_Workspace/ros2_ws/install/cone_stellation/lib/cone_stellation/dummy_publisher_node.py:publish_transforms:556"
"Added keyframe 8 with 7 cone observations";"20";"cone_slam";"1753022819.808160400";"/home/user1/ROS2_Workspace/ros2_ws/src/cone_stellation/src/cone_stellation/ros/cone_slam_node.cpp:cone_callback:239"
"ConeMapping::add_keyframe returned";"20";"cone_slam";"1753022819.808093009";"/home/user1/ROS2_Workspace/ros2_ws/src/cone_stellation/src/cone_stellation/ros/cone_slam_node.cpp:cone_callback:213"
"About to call ConeMapping::add_keyframe for frame 8";"20";"cone_slam";"1753022819.807277781";"/home/user1/ROS2_Workspace/ros2_ws/src/cone_stellation/src/cone_stellation/ros/cone_slam_node.cpp:cone_callback:210"
"Added keyframe 7 with 8 cone observations";"20";"cone_slam";"1753022819.558948611";"/home/user1/ROS2_Workspace/ros2_ws/src/cone_stellation/src/cone_stellation/ros/cone_slam_node.cpp:cone_callback:239"
"ConeMapping::add_keyframe returned";"20";"cone_slam";"1753022819.558918256";"/home/user1/ROS2_Workspace/ros2_ws/src/cone_stellation/src/cone_stellation/ros/cone_slam_node.cpp:cone_callback:213"
"About to call ConeMapping::add_keyframe for frame 7";"20";"cone_slam";"1753022819.558245795";"/home/user1/ROS2_Workspace/ros2_ws/src/cone_stellation/src/cone_stellation/ros/cone_slam_node.cpp:cone_callback:210"
"Added keyframe 6 with 9 cone observations";"20";"cone_slam";"1753022819.357802438";"/home/user1/ROS2_Workspace/ros2_ws/src/cone_stellation/src/cone_stellation/ros/cone_slam_node.cpp:cone_callback:239"
"ConeMapping::add_keyframe returned";"20";"cone_slam";"1753022819.357754371";"/home/user1/ROS2_Workspace/ros2_ws/src/cone_stellation/src/cone_stellation/ros/cone_slam_node.cpp:cone_callback:213"
"About to call ConeMapping::add_keyframe for frame 6";"20";"cone_slam";"1753022819.356883533";"/home/user1/ROS2_Workspace/ros2_ws/src/cone_stellation/src/cone_stellation/ros/cone_slam_node.cpp:cone_callback:210"
"Added keyframe 5 with 8 cone observations";"20";"cone_slam";"1753022819.108274900";"/home/user1/ROS2_Workspace/ros2_ws/src/cone_stellation/src/cone_stellation/ros/cone_slam_node.cpp:cone_callback:239"
"ConeMapping::add_keyframe returned";"20";"cone_slam";"1753022819.108235610";"/home/user1/ROS2_Workspace/ros2_ws/src/cone_stellation/src/cone_stellation/ros/cone_slam_node.cpp:cone_callback:213"
"About to call ConeMapping::add_keyframe for frame 5";"20";"cone_slam";"1753022819.107450125";"/home/user1/ROS2_Workspace/ros2_ws/src/cone_stellation/src/cone_stellation/ros/cone_slam_node.cpp:cone_callback:210"
"Received cone detection with 9 cones";"20";"cone_slam";"1753022818.957948787";"/home/user1/ROS2_Workspace/ros2_ws/src/cone_stellation/src/cone_stellation/ros/cone_slam_node.cpp:cone_callback:160"
"Publishing transforms (call #100)";"20";"dummy_publisher";"1753022818.880799101";"/home/user1/ROS2_Workspace/ros2_ws/install/cone_stellation/lib/cone_stellation/dummy_publisher_node.py:publish_transforms:556"
"Added keyframe 4 with 7 cone observations";"20";"cone_slam";"1753022818.858430672";"/home/user1/ROS2_Workspace/ros2_ws/src/cone_stellation/src/cone_stellation/ros/cone_slam_node.cpp:cone_callback:239"
"ConeMapping::add_keyframe returned";"20";"cone_slam";"1753022818.858367508";"/home/user1/ROS2_Workspace/ros2_ws/src/cone_stellation/src/cone_stellation/ros/cone_slam_node.cpp:cone_callback:213"
"About to call ConeMapping::add_keyframe for frame 4";"20";"cone_slam";"1753022818.857243995";"/home/user1/ROS2_Workspace/ros2_ws/src/cone_stellation/src/cone_stellation/ros/cone_slam_node.cpp:cone_callback:210"
"Added keyframe 3 with 7 cone observations";"20";"cone_slam";"1753022818.607759180";"/home/user1/ROS2_Workspace/ros2_ws/src/cone_stellation/src/cone_stellation/ros/cone_slam_node.cpp:cone_callback:239"
"ConeMapping::add_keyframe returned";"20";"cone_slam";"1753022818.607731019";"/home/user1/ROS2_Workspace/ros2_ws/src/cone_stellation/src/cone_stellation/ros/cone_slam_node.cpp:cone_callback:213"
"About to call ConeMapping::add_keyframe for frame 3";"20";"cone_slam";"1753022818.606709370";"/home/user1/ROS2_Workspace/ros2_ws/src/cone_stellation/src/cone_stellation/ros/cone_slam_node.cpp:cone_callback:210"
"Added keyframe 2 with 9 cone observations";"20";"cone_slam";"1753022818.408521537";"/home/user1/ROS2_Workspace/ros2_ws/src/cone_stellation/src/cone_stellation/ros/cone_slam_node.cpp:cone_callback:239"
"ConeMapping::add_keyframe returned";"20";"cone_slam";"1753022818.408481285";"/home/user1/ROS2_Workspace/ros2_ws/src/cone_stellation/src/cone_stellation/ros/cone_slam_node.cpp:cone_callback:213"
"About to call ConeMapping::add_keyframe for frame 2";"20";"cone_slam";"1753022818.407420164";"/home/user1/ROS2_Workspace/ros2_ws/src/cone_stellation/src/cone_stellation/ros/cone_slam_node.cpp:cone_callback:210"
"Added keyframe 1 with 7 cone observations";"20";"cone_slam";"1753022818.157751548";"/home/user1/ROS2_Workspace/ros2_ws/src/cone_stellation/src/cone_stellation/ros/cone_slam_node.cpp:cone_callback:239"
"ConeMapping::add_keyframe returned";"20";"cone_slam";"1753022818.157696679";"/home/user1/ROS2_Workspace/ros2_ws/src/cone_stellation/src/cone_stellation/ros/cone_slam_node.cpp:cone_callback:213"
"About to call ConeMapping::add_keyframe for frame 1";"20";"cone_slam";"1753022818.156792010";"/home/user1/ROS2_Workspace/ros2_ws/src/cone_stellation/src/cone_stellation/ros/cone_slam_node.cpp:cone_callback:210"
"Current pose: x=30.06, y=12.73, theta=0.02";"20";"cone_slam";"1753022817.957770329";"/home/user1/ROS2_Workspace/ros2_ws/src/cone_stellation/src/cone_stellation/ros/cone_slam_node.cpp:visualization_callback:534"
"Publishing 11 factors";"20";"cone_slam";"1753022817.957566632";"/home/user1/ROS2_Workspace/ros2_ws/src/cone_stellation/src/cone_stellation/ros/cone_slam_node.cpp:visualization_callback:474"
"Publishing 7 landmarks";"20";"cone_slam";"1753022817.957390114";"/home/user1/ROS2_Workspace/ros2_ws/src/cone_stellation/src/cone_stellation/ros/cone_slam_node.cpp:visualization_callback:462"
"Added keyframe 0 with 7 cone observations";"20";"cone_slam";"1753022817.908654548";"/home/user1/ROS2_Workspace/ros2_ws/src/cone_stellation/src/cone_stellation/ros/cone_slam_node.cpp:cone_callback:239"
"ConeMapping::add_keyframe returned";"20";"cone_slam";"1753022817.908629423";"/home/user1/ROS2_Workspace/ros2_ws/src/cone_stellation/src/cone_stellation/ros/cone_slam_node.cpp:cone_callback:213"
"About to call ConeMapping::add_keyframe for frame 0";"20";"cone_slam";"1753022817.907963193";"/home/user1/ROS2_Workspace/ros2_ws/src/cone_stellation/src/cone_stellation/ros/cone_slam_node.cpp:cone_callback:210"
"Received cone detection with 7 cones";"20";"cone_slam";"1753022817.907584631";"/home/user1/ROS2_Workspace/ros2_ws/src/cone_stellation/src/cone_stellation/ros/cone_slam_node.cpp:cone_callback:160"
"Odom->base_link transform - X: 30.00, Y: 12.50, Theta: 0.00";"20";"dummy_publisher";"1753022817.879181066";"/home/user1/ROS2_Workspace/ros2_ws/install/cone_stellation/lib/cone_stellation/dummy_publisher_node.py:publish_transforms:610"
"Timer callbacks created successfully";"20";"dummy_publisher";"1753022817.877671448";"/home/user1/ROS2_Workspace/ros2_ws/install/cone_stellation/lib/cone_stellation/dummy_publisher_node.py:__init__:507"
"publish_map_to_odom: False";"20";"dummy_publisher";"1753022817.877385092";"/home/user1/ROS2_Workspace/ros2_ws/install/cone_stellation/lib/cone_stellation/dummy_publisher_node.py:__init__:506"
"Initial vehicle state - X: 30.00, Y: 12.50, Theta: 0.00";"20";"dummy_publisher";"1753022817.877097264";"/home/user1/ROS2_Workspace/ros2_ws/install/cone_stellation/lib/cone_stellation/dummy_publisher_node.py:__init__:505"
"Publishing rates - Cones: 20.0Hz, IMU: 100.0Hz, Odom: 100.0Hz";"20";"dummy_publisher";"1753022817.876778219";"/home/user1/ROS2_Workspace/ros2_ws/install/cone_stellation/lib/cone_stellation/dummy_publisher_node.py:__init__:504"
"[DUMMY_GPS] GPS simulation enabled";"20";"dummy_publisher";"1753022817.876478409";"/home/user1/ROS2_Workspace/ros2_ws/install/cone_stellation/lib/cone_stellation/dummy_publisher_node.py:__init__:501"
"[DUMMY_MODE] Running in mode: simulation";"20";"dummy_publisher";"1753022817.876193787";"/home/user1/ROS2_Workspace/ros2_ws/install/cone_stellation/lib/cone_stellation/dummy_publisher_node.py:__init__:499"
"Odometry simulation: ENABLED";"20";"dummy_publisher";"1753022817.875902993";"/home/user1/ROS2_Workspace/ros2_ws/install/cone_stellation/lib/cone_stellation/dummy_publisher_node.py:__init__:498"
"Dummy publisher initialized (refactored version)";"20";"dummy_publisher";"1753022817.875583027";"/home/user1/ROS2_Workspace/ros2_ws/install/cone_stellation/lib/cone_stellation/dummy_publisher_node.py:__init__:497"
"Using Scenario 2: Formula Student track";"20";"dummy_publisher";"1753022817.801186244";"/home/user1/ROS2_Workspace/ros2_ws/install/cone_stellation/lib/cone_stellation/dummy_publisher_node.py:__init__:406"
"Publishing 0 keyframes";"20";"cone_slam";"1753022817.457407554";"/home/user1/ROS2_Workspace/ros2_ws/src/cone_stellation/src/cone_stellation/ros/cone_slam_node.cpp:visualization_callback:554"
"Inter-landmark factors: ENABLED";"20";"cone_slam";"1753022817.357185949";"/home/user1/ROS2_Workspace/ros2_ws/src/cone_stellation/src/cone_stellation/ros/cone_slam_node.cpp:ConeSLAMNode:104"
"ConeSLAM node initialized";"20";"cone_slam";"1753022817.357142531";"/home/user1/ROS2_Workspace/ros2_ws/src/cone_stellation/src/cone_stellation/ros/cone_slam_node.cpp:ConeSLAMNode:103"
